,QID,text_id,sentence,original_label,label,label_index,rationale,rationale_index,age,ethnicity,gender,english_proficiency,attentioncheck,originaldata_id,group_id,recruitment_ethnicity,recruitment_age
0,QID519,0,"Beautifully crafted, engaging filmmaking that should attract upscale audiences hungry for quality and a nostalgic, twisty yarn that will keep them guessing.",positive,positive,1,"Beautifully,nostalgic,","1,15",31,African,Female,Well,PASSED,301,BY,Black/African American,<=35
1,QID521,1,"Bread, My Sweet has so many flaws it would be easy for critics to shred it.",negative,negative,2,flaws,7.0,31,African,Female,Well,PASSED,302,BY,Black/African American,<=35
2,QID523,2,"Ultimately feels empty and unsatisfying, like swallowing a Communion wafer without the wine.",negative,negative,2,"empty,unsatisfying,","3,5",31,African,Female,Well,PASSED,304,BY,Black/African American,<=35
3,QID525,3,Exudes the fizz of a Busby Berkeley musical and the visceral excitement of a sports extravaganza.,positive,positive,1,visceral,11.0,31,African,Female,Well,PASSED,305,BY,Black/African American,<=35
4,QID527,4,The film rehashes several old themes and is capped with pointless extremes -- it's insanely violent and very graphic.,negative,negative,2,"pointless,extremes","11,12",31,African,Female,Well,PASSED,306,BY,Black/African American,<=35
5,QID529,5,"Ryan Gosling is, in a word, brilliant as the conflicted Daniel.",positive,positive,1,brilliant,7.0,31,African,Female,Well,PASSED,307,BY,Black/African American,<=35
6,QID531,6,The film often achieves a mesmerizing poetry.,positive,no sentiment,3,poetry.,7.0,31,African,Female,Well,PASSED,311,BY,Black/African American,<=35
7,QID533,7,A work of astonishing delicacy and force.,positive,positive,1,astonishing,4.0,31,African,Female,Well,PASSED,312,BY,Black/African American,<=35
8,QID535,8,"The movie's plot is almost entirely witless and inane, carrying every gag two or three times beyond its limit to sustain a laugh.",negative,negative,2,"witless,inane,","7,9",31,African,Female,Well,PASSED,313,BY,Black/African American,<=35
9,QID537,9,"The acting is stiff, the story lacks all trace of wit, the sets look like they were borrowed from Gilligan's Island -- and the CGI Scooby might well be the worst special-effects creation of the year.",negative,negative,2,"stiff,,lacks","4,7",31,African,Female,Well,PASSED,317,BY,Black/African American,<=35
10,QID539,10,"There's no palpable chemistry between Lopez and male lead Ralph Fiennes, plus the script by Working Girl scribe Kevin Wade is workmanlike in the extreme.",negative,negative,2,"There's,no,palpable,chemistry,plus","1,2,3,4,12",27,African,Male,Very well,PASSED,319,BY,Black/African American,<=35
11,QID541,11,"A first-class, thoroughly involving B movie that effectively combines two surefire, beloved genres -- the prison flick and the fight film.",positive,positive,1,"first-class,,thoroughly,involving,effectively,combines","2,3,4,8,9",27,African,Male,Very well,PASSED,320,BY,Black/African American,<=35
12,QID543,12,The film is so bad it doesn't improve upon the experience of staring at a blank screen.,negative,negative,2,"is,so,bad,doesn't,improve","3,4,5,7,8",27,African,Male,Very well,PASSED,321,BY,Black/African American,<=35
13,QID545,13,Another Best of the Year selection.,positive,positive,1,"Another,Best","1,2",27,African,Male,Very well,PASSED,323,BY,Black/African American,<=35
14,QID547,14,I love the robust middle of this picture.,positive,no sentiment,3,"I,love","1,2",27,African,Male,Very well,PASSED,326,BY,Black/African American,<=35
15,QID549,15,The soundtrack alone is worth the price of admission.,positive,positive,1,"soundtrack,alone,worth,the,price","2,3,5,6,7",27,African,Male,Very well,PASSED,328,BY,Black/African American,<=35
16,QID551,16,"For the rest of us, sitting through Dahmer's two hours amounts to little more than punishment.",negative,negative,2,"amounts,to,little,more,than,punishment.","11,12,13,14,15,16",27,African,Male,Very well,PASSED,330,BY,Black/African American,<=35
17,QID553,17,"Featuring a dangerously seductive performance from the great Daniel Auteuil, ``Sade'' covers the same period as Kaufmann's ``Quills'' with more unsettlingly realistic results.",positive,no sentiment,3,"Featuring,a,dangerously,seductive,performance,from,the,great,Daniel,Auteuil,,``Sade'',covers,the,same,period,as,Kaufmann's,``Quills'',with,more,unsettlingly,realistic,results.","1,2,3,4,5,6,7,8,9,10,11,12,13,14,15,16,17,18,19,20,21,22,23",27,African,Male,Very well,PASSED,331,BY,Black/African American,<=35
18,QID555,18,"Beautifully observed, miraculously unsentimental comedy-drama.",positive,positive,1,"Beautifully,observed,,miraculously,unsentimental","1,2,3,4",27,African,Male,Very well,PASSED,334,BY,Black/African American,<=35
19,QID557,19,"What makes How I Killed My Father compelling, besides its terrific performances, is Fontaine's willingness to wander into the dark areas of parent-child relationships without flinching.",positive,positive,1,"compelling,,terrific,performances,","8,11,12",27,African,Male,Very well,PASSED,335,BY,Black/African American,<=35
20,QID559,20,"This hastily mounted production exists only to capitalize on Hopkins' inclination to play Hannibal Lecter again, even though Harris has no immediate inclination to provide a fourth book.",negative,negative,2,"This,hastily,mounted,production,exists,only,to,capitalize,on,Hopkins',inclination,to,play,Hannibal,Lecter,again,","1,2,3,4,5,6,7,8,9,10,11,12,13,14,15,16",27,Black/African American,Female,Very well,PASSED,336,BY,Black/African American,<=35
21,QID561,21,Bullock's complete lack of focus and ability quickly derails the film.,negative,negative,2,"Bullock's,lack,focus","1,3,5",27,Black/African American,Female,Very well,PASSED,337,BY,Black/African American,<=35
22,QID563,22,"... a plotline that's as lumpy as two-day old porridge... the filmmakers' paws, sad to say, were all over this ``un-bear-able'' project!",negative,negative,2,"sad,were,all,over,this,``un-bear-able'',project!","14,17,18,19,20,21,22",27,Black/African American,Female,Very well,PASSED,338,BY,Black/African American,<=35
23,QID565,23,Crush could be the worst film a man has made about women since Valley of the Dolls.,negative,negative,2,"worst,film,man,has,made","5,6,8,9,10",27,Black/African American,Female,Very well,PASSED,339,BY,Black/African American,<=35
24,QID567,24,"Reassuring, retro uplifter.",positive,no sentiment,3,"Reassuring,,retro,uplifter.","1,2,3",27,Black/African American,Female,Very well,PASSED,340,BY,Black/African American,<=35
25,QID569,25,Flaccid drama and exasperatingly slow journey.,negative,no sentiment,3,"Flaccid,drama,and,exasperatingly,journey.","1,2,3,4,6",27,Black/African American,Female,Very well,PASSED,341,BY,Black/African American,<=35
26,QID571,26,The Movie will reach far beyond its core demographic.,positive,positive,1,"reach,far,beyond,core,demographic.","4,5,6,8,9",27,Black/African American,Female,Very well,PASSED,342,BY,Black/African American,<=35
27,QID573,27,How did it ever get made?,negative,no sentiment,3,"How,it,get,made?","1,3,5,6",27,Black/African American,Female,Very well,PASSED,343,BY,Black/African American,<=35
28,QID575,28,I like the new footage and still love the old stuff.,positive,positive,1,"like,new,footage,still,love","2,4,5,7,8",27,Black/African American,Female,Very well,PASSED,344,BY,Black/African American,<=35
29,QID577,29,Could The Country Bears really be as bad as its trailers?,negative,negative,2,"really,bad","5,8",27,Black/African American,Female,Very well,PASSED,346,BY,Black/African American,<=35
30,QID579,30,"At times, the movie looks genuinely pretty.",positive,positive,1,"looks,genuinely,pretty.","5,6,7",21,Black/African American,Female,Very well,PASSED,347,BY,Black/African American,<=35
31,QID581,31,"The stupidest, most insulting movie of 2002's first quarter.",negative,negative,2,"stupidest,,most,insulting,movie","2,3,4,5",21,Black/African American,Female,Very well,PASSED,349,BY,Black/African American,<=35
32,QID583,32,The film seems a dead weight.,negative,negative,2,"dead,weight.","5,6",21,Black/African American,Female,Very well,PASSED,350,BY,Black/African American,<=35
33,QID585,33,"Sparkling, often hilarious romantic jealousy comedy... Attal looks so much like a young Robert DeNiro that it seems the film should instead be called `My Husband Is Travis Bickle'.",positive,positive,1,"Sparkling,,often,hilarious","1,2,3",21,Black/African American,Female,Very well,PASSED,351,BY,Black/African American,<=35
34,QID587,34,"I did go back and check out the last 10 minutes, but these were more repulsive than the first 30 or 40 minutes.",negative,negative,2,repulsive,16.0,21,Black/African American,Female,Very well,PASSED,352,BY,Black/African American,<=35
35,QID589,35,"A lousy movie that's not merely unwatchable, but also unlistenable.",negative,negative,2,"lousy,unwatchable,,unlistenable.","2,7,10",21,Black/African American,Female,Very well,PASSED,353,BY,Black/African American,<=35
36,QID591,36,One of the best films of the year with its exploration of the obstacles to happiness faced by five contemporary individuals... a psychological masterpiece.,positive,positive,1,"best,films","4,5",21,Black/African American,Female,Very well,PASSED,354,BY,Black/African American,<=35
37,QID593,37,"A strong script, powerful direction and splendid production design allows us to be transported into the life of Wladyslaw Szpilman, who is not only a pianist, but a good human being.",positive,positive,1,"splendid,production","7,8",21,Black/African American,Female,Very well,PASSED,355,BY,Black/African American,<=35
38,QID595,38,"But here's the real damn: It isn't funny, either.",negative,negative,2,"isn't,funny,","7,8",21,Black/African American,Female,Very well,PASSED,356,BY,Black/African American,<=35
39,QID597,39,... something appears to have been lost in the translation this time.,negative,negative,2,"lost,in,translation","7,8,10",21,Black/African American,Female,Very well,PASSED,359,BY,Black/African American,<=35
40,QID599,40,"Stephen Rea, Aidan Quinn, and Alan Bates play Desmond's legal eagles, and when joined by Brosnan, the sight of this grandiloquent quartet lolling in pretty Irish settings is a pleasant enough thing, `tis.",positive,positive,1,"pleasant,enough","30,31",25,African,Female,Very well,PASSED,361,BY,Black/African American,<=35
41,QID601,41,"It's a powerful though flawed movie, guaranteed to put a lump in your throat while reaffirming Washington as possibly the best actor working in movies today.",positive,positive,1,"powerful,flawed,guaranteed,best,actor","3,5,7,21,22",25,African,Female,Very well,PASSED,362,BY,Black/African American,<=35
42,QID603,42,An intriguing and entertaining introduction to Johnson.,positive,positive,1,"intriguing,entertaining","2,4",25,African,Female,Very well,PASSED,363,BY,Black/African American,<=35
43,QID605,43,Everything was as superficial as the forced New Jersey lowbrow accent Uma had.,negative,negative,2,"superficial,forced","4,7",25,African,Female,Very well,PASSED,364,BY,Black/African American,<=35
44,QID607,44,"It is supremely unfunny and unentertaining to watch middle-age and older men drink to excess, piss on trees, b.s. one another and put on a show in drag.",negative,negative,2,"supremely,unfunny,unentertaining,to,watch,middle-age,older,men,drink,excess,,piss,on,trees,,b.s.,one,another,drag.","3,4,6,7,8,9,11,12,13,15,16,17,18,19,20,21,28",25,African,Female,Very well,PASSED,368,BY,Black/African American,<=35
45,QID609,45,"Showtime is one of the hapless victims of the arrogant ``if we put together a wry white man and a chatty black man and give them guns, the movie will be funny'' syndrome.",negative,negative,2,"hapless,victims,arrogant,funny'',syndrome.","6,7,10,32,33",25,African,Female,Very well,PASSED,370,BY,Black/African American,<=35
46,QID611,46,"Whatever heartwarming scene the impressively discreet filmmakers may have expected to record with their mini DV, they show a remarkable ability to document both sides of this emotional car-wreck.",positive,positive,1,"heartwarming,scene,impressively,discreet,remarkable,ability,emotional,car-wreck.","2,3,5,6,20,21,28,29",25,African,Female,Very well,PASSED,371,BY,Black/African American,<=35
47,QID613,47,"A zombie movie in every sense of the word -- mindless, lifeless, meandering, loud, painful, obnoxious.",negative,no sentiment,3,"mindless,,lifeless,,meandering,,loud,,painful,,obnoxious.","11,12,13,14,15,16",25,African,Female,Very well,PASSED,372,BY,Black/African American,<=35
48,QID615,48,"It has fun with the quirks of family life, but it also treats the subject with fondness and respect.",positive,positive,1,"fun,fondness,respect.","3,17,19",25,African,Female,Very well,PASSED,373,BY,Black/African American,<=35
49,QID617,49,"Novak manages to capture a cruelly hilarious vein of black comedy in the situation with his cast of non-actors and a gritty, no-budget approach.",positive,no sentiment,3,"Novak,manages,to,capture,a,cruelly,hilarious,vein,of,black,comedy,in,the,situation,with,his,cast,of,non-actors,and,a,gritty,,no-budget,approach.","1,2,3,4,5,6,7,8,9,10,11,12,13,14,15,16,17,18,19,20,21,22,23,24",25,African,Female,Very well,PASSED,374,BY,Black/African American,<=35
50,QID619,50,"The movie is almost completely lacking in suspense, surprise and consistent emotional conviction.",negative,negative,2,"The,movie,is,suspense,","1,2,3,8",30,African,Female,Very well,PASSED,376,BY,Black/African American,<=35
51,QID621,51,But it's too long and too convoluted and it ends in a muddle.,negative,negative,2,muddle.,13.0,30,African,Female,Very well,PASSED,378,BY,Black/African American,<=35
52,QID623,52,This thing works on no level whatsoever for me.,negative,negative,2,whatsoever,7.0,30,African,Female,Very well,PASSED,379,BY,Black/African American,<=35
53,QID625,53,... a bland murder-on-campus yawner.,negative,negative,2,"murder-on-campus,yawner.","4,5",30,African,Female,Very well,PASSED,380,BY,Black/African American,<=35
54,QID627,54,In comparison to his earlier films it seems a disappointingly thin slice of lower-class London life; despite the title... amounts to surprisingly little.,negative,negative,2,disappointingly,10.0,30,African,Female,Very well,PASSED,381,BY,Black/African American,<=35
55,QID629,55,"One of the finest, most humane and important Holocaust movies ever made.",positive,no sentiment,3,"movies,ever","10,11",30,African,Female,Very well,PASSED,382,BY,Black/African American,<=35
56,QID631,56,"Suffers from rambling, repetitive dialogue and the visual drabness endemic to digital video.",negative,negative,2,to,11.0,30,African,Female,Very well,PASSED,383,BY,Black/African American,<=35
57,QID633,57,Features one of the most affecting depictions of a love affair ever committed to film.,positive,positive,1,affair,11.0,30,African,Female,Very well,PASSED,386,BY,Black/African American,<=35
58,QID635,58,It is intensely personal and yet -- unlike Quills -- deftly shows us the temper of the times.,positive,positive,1,us,13.0,30,African,Female,Very well,PASSED,387,BY,Black/African American,<=35
59,QID637,59,"Even as I valiantly struggled to remain interested, or at least conscious, I could feel my eyelids... getting... very... heavy...",negative,no sentiment,3,"conscious,,heavy...","12,20",30,African,Female,Very well,PASSED,388,BY,Black/African American,<=35
60,QID639,60,"... a solid, well-formed satire.",positive,positive,1,"solid,,well-formed,satire.","3,4,5",27,African,Female,Very well,PASSED,389,BY,Black/African American,<=35
61,QID641,61,Read My Lips is to be viewed and treasured for its extraordinary intelligence and originality as well as its lyrical variations on the game of love.,positive,positive,1,"treasured,extraordinary,intelligence,originality","9,12,13,15",27,African,Female,Very well,PASSED,391,BY,Black/African American,<=35
62,QID643,62,"The Movie is what happens when you blow up small potatoes to 10 times their natural size, and it ain't pretty.",negative,negative,2,"blow,small,potatoes,ain't,pretty.","8,10,11,20,21",27,African,Female,Very well,PASSED,395,BY,Black/African American,<=35
63,QID645,63,"Even a hardened voyeur would require the patience of Job to get through this interminable, shapeless documentary about the swinging subculture.",negative,negative,2,"hardened,voyeur,interminable,,shapeless,swinging,subculture.","3,4,15,16,20,21",27,African,Female,Very well,PASSED,396,BY,Black/African American,<=35
64,QID647,64,A lame romantic comedy about an unsympathetic character and someone who would not likely be so stupid as to get involved with her.,negative,negative,2,"lame,unsympathetic,stupid","2,7,17",27,African,Female,Very well,PASSED,398,BY,Black/African American,<=35
65,QID649,65,"Rob Schneider's infantile cross-dressing routines fill The Hot Chick, the latest gimmick from this unimaginative comedian.",negative,no sentiment,3,"gimmick,unimaginative","12,15",27,African,Female,Very well,PASSED,399,BY,Black/African American,<=35
66,QID651,66,At 78 minutes it just zings along with vibrance and warmth.,positive,no sentiment,3,"vibrance,warmth.","9,11",27,African,Female,Very well,PASSED,402,BY,Black/African American,<=35
67,QID653,67,"Only an epic documentary could get it all down, and Spike Lee's Jim Brown: All American at long last gives its subject a movie worthy of his talents.",positive,no sentiment,3,talents.,28.0,27,African,Female,Very well,PASSED,403,BY,Black/African American,<=35
68,QID655,68,"As quiet, patient and tenacious as Mr. Lopez himself, who approaches his difficult, endless work with remarkable serenity and discipline.",positive,positive,1,"quiet,,patient,tenacious","2,3,5",27,African,Female,Very well,PASSED,404,BY,Black/African American,<=35
69,QID657,69,"Instead of hiding Pinocchio from critics, Miramax should have hidden it from everyone.",negative,negative,2,"Instead,hiding,hidden","1,3,10",27,African,Female,Very well,PASSED,405,BY,Black/African American,<=35
70,QID659,70,What a great shame that such a talented director as Chen Kaige has chosen to make his English-language debut with a film so poorly plotted and scripted.,negative,negative,2,"great,shame,poorly,plotted,and,scripted.","3,4,24,25,26,27",28,African,Male,Very well,PASSED,406,BY,Black/African American,<=35
71,QID661,71,Jeffs has created a breathtakingly assured and stylish work of spare dialogue and acute expressiveness.,positive,positive,1,"created,a,breathtakingly,assured,stylish,work,acute,expressiveness.","3,4,5,6,8,9,14,15",28,African,Male,Very well,PASSED,407,BY,Black/African American,<=35
72,QID663,72,"Just about the best straight-up, old-school horror film of the last 15 years.",positive,positive,1,"the,best,straight-up,,old-school,horror,film","3,4,5,6,7,8",28,African,Male,Very well,PASSED,408,BY,Black/African American,<=35
73,QID665,73,"Gosling creates a staggeringly compelling character, a young man whose sharp intellect is at the very root of his contradictory, self-hating, self-destructive ways.",positive,positive,1,"Gosling,creates,staggeringly,compelling,character,","1,2,4,5,6",28,African,Male,Very well,PASSED,409,BY,Black/African American,<=35
74,QID667,74,"I thought the relationships were wonderful, the comedy was funny, and the love `real'.",positive,positive,1,"relationships,wonderful,,funny,,love,`real'.","4,6,10,13,14",28,African,Male,Very well,PASSED,410,BY,Black/African American,<=35
75,QID669,75,Better at putting you to sleep than a sound machine.,negative,negative,2,"Better,at,putting,you,to,sleep","1,2,3,4,5,6",28,African,Male,Very well,PASSED,411,BY,Black/African American,<=35
76,QID671,76,Feels less like a cousin to Blade Runner than like a bottom-feeder sequel in the Escape From New York series.,negative,no sentiment,3,"cousin,to,Blade,Runner","5,6,7,8",28,African,Male,Very well,PASSED,412,BY,Black/African American,<=35
77,QID673,77,"Elegantly produced and expressively performed, the six musical numbers crystallize key plot moments into minutely detailed wonders of dreamlike ecstasy.",positive,positive,1,"Elegantly,produced,detailed,wonders,dreamlike,ecstasy.","1,2,16,17,19,20",28,African,Male,Very well,PASSED,413,BY,Black/African American,<=35
78,QID675,78,"Celebrated at Sundance, this slight comedy of manners has winning performances and a glossy, glib charm that's hard to beat.",positive,positive,1,"winning,performances,hard,to,beat.","10,11,18,19,20",28,African,Male,Very well,PASSED,415,BY,Black/African American,<=35
79,QID677,79,"Apparently, romantic comedy with a fresh point of view just doesn't figure in the present Hollywood program.",negative,negative,2,"doesn't,figure,in","11,12,13",28,African,Male,Very well,PASSED,416,BY,Black/African American,<=35
80,QID679,80,That Haynes can both maintain and dismantle the facades that his genre and his character construct is a wonderous accomplishment of veracity and narrative grace.,positive,positive,1,"maintain,construct","5,16",30,African,Male,Well,PASSED,417,BY,Black/African American,<=35
81,QID679,80,That Haynes can both maintain and dismantle the facades that his genre and his character construct is a wonderous accomplishment of veracity and narrative grace.,positive,positive,1,"is,a,wonderous,accomplishment","17,18,19,20",18,White/Sephardic Jew,Male,Very well,PASSED,417,BY,Black/African American,<=35
82,QID681,81,"No French people were harmed during the making of this movie, but they were insulted and the audience was put through torture for an hour and a half.",negative,negative,2,"they,were,insulted","13,14,15",18,White/Sephardic Jew,Male,Very well,PASSED,419,BY,Black/African American,<=35
83,QID681,81,"No French people were harmed during the making of this movie, but they were insulted and the audience was put through torture for an hour and a half.",negative,negative,2,"insulted,torture","15,22",30,African,Male,Well,PASSED,419,BY,Black/African American,<=35
84,QID683,82,"I was feeling this movie until it veered off too far into the Exxon zone, and left me behind at the station looking for a return ticket to realism.",negative,negative,2,"veered,Exxon,return","8,14,26",30,African,Male,Well,PASSED,420,BY,Black/African American,<=35
85,QID683,82,"I was feeling this movie until it veered off too far into the Exxon zone, and left me behind at the station looking for a return ticket to realism.",negative,negative,2,"veered,off,too,far","8,9,10,11",18,White/Sephardic Jew,Male,Very well,PASSED,420,BY,Black/African American,<=35
86,QID685,83,Exceptionally well acted by Diane Lane and Richard Gere.,positive,positive,1,"Exceptionally,well","1,2",30,African,Male,Well,PASSED,422,BY,Black/African American,<=35
87,QID685,83,Exceptionally well acted by Diane Lane and Richard Gere.,positive,positive,1,"well,acted","2,3",18,White/Sephardic Jew,Male,Very well,PASSED,422,BY,Black/African American,<=35
88,QID687,84,"A stupid, derivative horror film that substitutes extreme gore for suspense.",negative,negative,2,"stupid,,derivative","2,3",30,African,Male,Well,PASSED,424,BY,Black/African American,<=35
89,QID687,84,"A stupid, derivative horror film that substitutes extreme gore for suspense.",negative,negative,2,"A,stupid,","1,2",18,White/Sephardic Jew,Male,Very well,PASSED,424,BY,Black/African American,<=35
90,QID689,85,It's a great American adventure and a wonderful film to bring to IMAX.,positive,positive,1,"great,adventure,wonderful","3,5,8",30,African,Male,Well,PASSED,425,BY,Black/African American,<=35
91,QID689,85,It's a great American adventure and a wonderful film to bring to IMAX.,positive,positive,1,"It's,a,great","1,2,3",18,White/Sephardic Jew,Male,Very well,PASSED,425,BY,Black/African American,<=35
92,QID691,86,"A miraculous movie, I'm Going Home is so slight, yet overflows with wisdom and emotion.",positive,positive,1,"A,miraculous,movie,,overflows,with,wisdom,and,emotion.","1,2,3,11,12,13,14,15",18,White/Sephardic Jew,Male,Very well,PASSED,428,BY,Black/African American,<=35
93,QID691,86,"A miraculous movie, I'm Going Home is so slight, yet overflows with wisdom and emotion.",positive,positive,1,"miraculous,wisdom","2,13",30,African,Male,Well,PASSED,428,BY,Black/African American,<=35
94,QID693,87,"A fiercely clever and subtle film, capturing the precarious balance between the extravagant confidence of the exiled aristocracy and the cruel earnestness of the victorious revolutionaries.",positive,positive,1,"clever,subtle","3,5",18,White/Sephardic Jew,Male,Very well,PASSED,429,BY,Black/African American,<=35
95,QID693,87,"A fiercely clever and subtle film, capturing the precarious balance between the extravagant confidence of the exiled aristocracy and the cruel earnestness of the victorious revolutionaries.",positive,positive,1,"clever,capturing,extravagant,confidence,victorious","3,7,13,14,25",30,African,Male,Well,PASSED,429,BY,Black/African American,<=35
96,QID695,88,"It's as if you're watching a movie that was made in 1978 but not released then because it was so weak, and it has been unearthed and released now, when it has become even weaker.",negative,negative,2,"weak,,weaker.","21,35",30,African,Male,Well,PASSED,430,BY,Black/African American,<=35
97,QID695,88,"It's as if you're watching a movie that was made in 1978 but not released then because it was so weak, and it has been unearthed and released now, when it has become even weaker.",negative,negative,2,"it,was,so,weak,,even,weaker.","18,19,20,21,34,35",18,White/Sephardic Jew,Male,Very well,PASSED,430,BY,Black/African American,<=35
98,QID697,89,"Thanks to a small star with big heart, this family film sequel is plenty of fun for all.",positive,positive,1,"plenty,of,fun","14,15,16",18,White/Sephardic Jew,Male,Very well,PASSED,432,BY,Black/African American,<=35
99,QID697,89,"Thanks to a small star with big heart, this family film sequel is plenty of fun for all.",positive,positive,1,"Thanks,big,heart,,family,fun","1,7,8,10,16",30,African,Male,Well,PASSED,432,BY,Black/African American,<=35
100,QID699,90,Festers in just such a dungpile that you'd swear you were watching monkeys flinging their feces at you.,negative,negative,2,"dungpile,feces","6,16",23,Black/African American,Female,Very well,PASSED,434,BY,Black/African American,<=35
101,QID701,91,under-rehearsed and lifeless,negative,negative,2,"under-rehearsed,lifeless","1,3",23,Black/African American,Female,Very well,PASSED,435,BY,Black/African American,<=35
102,QID703,92,"For those for whom the name Woody Allen was once a guarantee of something fresh, sometimes funny, and usually genuinely worthwhile, Hollywood Ending is a depressing experience.",negative,negative,2,"depressing,experience.","26,27",23,Black/African American,Female,Very well,PASSED,438,BY,Black/African American,<=35
103,QID705,93,"The fun of the movie is the chance it affords to watch Jackson, who also served as executive producer, take his smooth, shrewd, powerful act abroad.",positive,positive,1,"fun,smooth,,shrewd,,powerful","2,22,23,24",23,Black/African American,Female,Very well,PASSED,440,BY,Black/African American,<=35
104,QID707,94,What should have been a cutting Hollywood satire is instead about as fresh as last week's issue of Variety.,negative,negative,2,"as,fresh,as,last,week's,issue,of,Variety.","12,13,14,15,16,17,18,19",23,Black/African American,Female,Very well,PASSED,441,BY,Black/African American,<=35
105,QID709,95,"Cox offers plenty of glimpses at existing photos, but there are no movies of Nijinsky, so instead the director treats us to an aimless hodgepodge.",negative,negative,2,"the,director,treats,us,to,an,aimless,hodgepodge.","18,19,20,21,22,23,24,25",23,Black/African American,Female,Very well,PASSED,442,BY,Black/African American,<=35
106,QID711,96,Mr. Soderbergh's direction and visual style struck me as unusually and unimpressively fussy and pretentious.,negative,negative,2,"unimpressively,fussy,and,pretentious.","12,13,14,15",23,Black/African American,Female,Very well,PASSED,444,BY,Black/African American,<=35
107,QID713,97,Mazel tov to a film about a family's joyous life acting on the Yiddish stage.,positive,positive,1,"Mazel,tov","1,2",23,Black/African American,Female,Very well,PASSED,445,BY,Black/African American,<=35
108,QID715,98,An inspiring and heart-affecting film about the desperate attempts of Vietnamese refugees living in U.S. relocation camps to keep their hopes alive in 1975.,positive,positive,1,"inspiring,heart-affecting,keep,hopes,alive","2,4,19,21,22",23,Black/African American,Female,Very well,PASSED,447,BY,Black/African American,<=35
109,QID717,99,"Loud, chaotic and largely unfunny.",negative,negative,2,"Loud,,chaotic,unfunny.","1,2,5",23,Black/African American,Female,Very well,PASSED,448,BY,Black/African American,<=35
110,QID719,100,The immersive powers of the giant screen and its hyper-realistic images are put to perfect use in the breathtakingly beautiful outer-space documentary Space Station 3D.,positive,positive,1,"The,giant,screen,Space","1,6,7,23",24,Black/African American,Female,Very well,PASSED,449,BY,Black/African American,<=35
111,QID721,101,It's everything you don't go to the movies for.,negative,no sentiment,3,"It's,go,to,the,movies","1,5,6,7,8",24,Black/African American,Female,Very well,PASSED,450,BY,Black/African American,<=35
112,QID723,102,Allen's funniest and most likeable movie in years.,positive,positive,1,"funniest,movie","2,6",24,Black/African American,Female,Very well,PASSED,452,BY,Black/African American,<=35
113,QID725,103,"For those who pride themselves on sophisticated, discerning taste, this might not seem like the proper cup of tea, however it is almost guaranteed that even the stuffiest cinema goers will laugh their 1*** off for an hour-and-a-half.",positive,negative,2,"For,those,who,like,cup,of,tea,","1,2,3,14,17,18,19",24,Black/African American,Female,Very well,PASSED,453,BY,Black/African American,<=35
114,QID727,104,"There is a refreshing absence of cynicism in Stuart Little 2 -- quite a rarity, even in the family film market.",positive,negative,2,"There,is,a,refreshing,of,film","1,2,3,4,6,20",24,Black/African American,Female,Very well,PASSED,454,BY,Black/African American,<=35
115,QID729,105,There are plot holes big enough for Shamu the killer whale to swim through.,negative,no sentiment,3,"There,are,plot,holes","1,2,3,4",24,Black/African American,Female,Very well,PASSED,455,BY,Black/African American,<=35
116,QID731,106,... always remains movingly genuine.,positive,negative,2,always,2.0,24,Black/African American,Female,Very well,PASSED,456,BY,Black/African American,<=35
117,QID733,107,"Stitch is a bad mannered, ugly and destructive little ****.",negative,no sentiment,3,"Stitch,is,a,bad,mannered,,ugly","1,2,3,4,5,6",24,Black/African American,Female,Very well,PASSED,457,BY,Black/African American,<=35
118,QID735,108,The cast is top-notch and I predict there will be plenty of female audience members drooling over Michael Idemoto as Michael.,positive,no sentiment,3,"The,cast,is,top-notch","1,2,3,4",24,Black/African American,Female,Very well,PASSED,458,BY,Black/African American,<=35
119,QID737,109,Kirshner and Monroe seem to be in a contest to see who can out-bad-act the other.,negative,no sentiment,3,"Kirshner,and,Monroe,seem,to,in,contest","1,2,3,4,5,7,9",24,Black/African American,Female,Very well,PASSED,459,BY,Black/African American,<=35
120,QID739,110,This is one of those war movies that focuses on human interaction rather than battle and action sequences... and it's all the stronger because of it.,positive,positive,1,"human,interaction,rather,than,battle","11,12,13,14,15",32,African,Female,Very well,PASSED,460,BY,Black/African American,<=35
121,QID741,111,"Like life on the island, the movie grows boring despite the scenery.",negative,negative,2,boring,9.0,32,African,Female,Very well,PASSED,461,BY,Black/African American,<=35
122,QID743,112,It's anchored by splendid performances from an honored screen veteran and a sparkling newcomer who instantly transform themselves into a believable mother/daughter pair.,positive,positive,1,"splendid,performances,honored,veteran,sparkling,newcomer,transform,believable,mother/daughter","4,5,8,10,13,14,17,21,22",32,African,Female,Very well,PASSED,462,BY,Black/African American,<=35
123,QID745,113,An atonal estrogen opera that demonizes feminism while gifting the most sympathetic male of the piece with a nice vomit bath at his wedding.,negative,negative,2,"demonizes,feminism","6,7",32,African,Female,Very well,PASSED,463,BY,Black/African American,<=35
124,QID747,114,"Even by the intentionally low standards of frat-boy humor, Sorority Boys is a bowser.",negative,no sentiment,3,"low,standards,Sorority,Boys","5,6,10,11",32,African,Female,Very well,PASSED,464,BY,Black/African American,<=35
125,QID749,115,"Director of photography Benoit Delhomme shot the movie in delicious colors, and the costumes and sets are grand.",positive,positive,1,"movie,delicious,colors,","8,10,11",32,African,Female,Very well,PASSED,465,BY,Black/African American,<=35
126,QID751,116,The only entertainment you'll derive from this choppy and sloppy affair will be from unintentional giggles -- several of them.,negative,positive,1,"unintentional,giggles","15,16",32,African,Female,Very well,PASSED,466,BY,Black/African American,<=35
127,QID753,117,"A bittersweet contemporary comedy about benevolent deception, which, while it may not rival the filmmaker's period pieces, is still very much worth seeing.",positive,no sentiment,3,"bittersweet,contemporary","2,3",32,African,Female,Very well,PASSED,468,BY,Black/African American,<=35
128,QID755,118,Attal pushes too hard to make this a comedy or serious drama.,negative,no sentiment,3,"pushes,too,hard","2,3,4",32,African,Female,Very well,PASSED,469,BY,Black/African American,<=35
129,QID757,119,Isabelle Huppert excels as the enigmatic Mika and Anna Mouglalis is a stunning new young talent in one of Chabrol's most intense psychological mysteries.,positive,positive,1,"excels,enigmatic,stunning,new,young,talent","3,6,13,14,15,16",32,African,Female,Very well,PASSED,470,BY,Black/African American,<=35
130,QID759,120,A small movie with a big impact.,positive,positive,1,"big,impact.","6,7",24,African,Male,Very well,PASSED,471,BY,Black/African American,<=35
131,QID761,121,This bold and lyrical first feature from Raja Amari expands the pat notion that middle-aged women just wanna have fun into a rousing treatise of sensual empowerment.,positive,no sentiment,3,"from,Raja,Amari","7,8,9",24,African,Male,Very well,PASSED,472,BY,Black/African American,<=35
132,QID763,122,"After that, it just gets stupid and maudlin.",negative,negative,2,"stupid,maudlin.","6,8",24,African,Male,Very well,PASSED,475,BY,Black/African American,<=35
133,QID765,123,"The stunning, dreamlike visuals will impress even those viewers who have little patience for Euro-film pretension.",positive,positive,1,impress,6.0,24,African,Male,Very well,PASSED,476,BY,Black/African American,<=35
134,QID767,124,"Impresses as a skillfully assembled, highly polished and professional adaptation... just about as chilling and unsettling as `Manhunter' was.",positive,positive,1,Impresses,1.0,24,African,Male,Very well,PASSED,478,BY,Black/African American,<=35
135,QID769,125,"For the most part, it's a work of incendiary genius, steering clear of knee-jerk reactions and quick solutions.",positive,positive,1,"genius,",10.0,24,African,Male,Very well,PASSED,479,BY,Black/African American,<=35
136,QID771,126,"It's badly acted, blandly directed, and could have been scripted by someone who just graduated from elementary school.",negative,negative,2,"badly,acted,,blandly,directed,","2,3,4,5",24,African,Male,Very well,PASSED,480,BY,Black/African American,<=35
137,QID773,127,... a roller-coaster ride of a movie,positive,no sentiment,3,"roller-coaster,ride","3,4",24,African,Male,Very well,PASSED,483,BY,Black/African American,<=35
138,QID775,128,"A colorful, vibrant introduction to a universal human impulse, lushly photographed and beautifully recorded.",positive,positive,1,"colorful,,vibrant,introduction,lushly,photographed,beautifully","2,3,4,10,11,13",24,African,Male,Very well,PASSED,484,BY,Black/African American,<=35
139,QID777,129,Audiard successfully maintains suspense on different levels throughout a film that is both gripping and compelling.,positive,positive,1,"successfully,gripping,compelling.","2,14,16",24,African,Male,Very well,PASSED,485,BY,Black/African American,<=35
140,QID779,130,Even horror fans will most likely not find what they're seeking with Trouble Every Day; the movie lacks both thrills and humor.,negative,negative,2,horror,2.0,24,Black/African American,Female,Very well,PASSED,486,BY,Black/African American,<=35
141,QID781,131,After that it becomes long and tedious like a classroom play in a college history course.,negative,no sentiment,3,like,8.0,24,Black/African American,Female,Very well,PASSED,487,BY,Black/African American,<=35
142,QID783,132,"This is cool, slick stuff, ready to quench the thirst of an audience that misses the summer blockbusters.",positive,positive,1,"quench,thirst,blockbusters.","8,10,18",24,Black/African American,Female,Very well,PASSED,488,BY,Black/African American,<=35
143,QID785,133,"A loud, ugly, irritating movie without any of its satirical salvos hitting a discernible target.",negative,negative,2,"loud,,ugly,,irritating,discernible","2,3,4,14",24,Black/African American,Female,Very well,PASSED,490,BY,Black/African American,<=35
144,QID787,134,"For VeggieTales fans, this is more appetizing than a side dish of asparagus.",positive,positive,1,appetizing,7.0,24,Black/African American,Female,Very well,PASSED,491,BY,Black/African American,<=35
145,QID789,135,A truly wonderful tale combined with stunning animation.,positive,positive,1,wonderful,3.0,24,Black/African American,Female,Very well,PASSED,493,BY,Black/African American,<=35
146,QID791,136,"Nothing sticks, really, except a lingering creepiness one feels from being dragged through a sad, sordid universe of guns, drugs, avarice and damaged dreams.",negative,negative,2,"Nothing,sticks,,creepiness,dragged,guns,,drugs,,damaged","1,2,7,12,19,20,23",24,Black/African American,Female,Very well,PASSED,494,BY,Black/African American,<=35
147,QID793,137,``Simone'' is a fun and funky look into an artificial creation in a world that thrives on artificiality.,positive,positive,1,"fun,funky,creation","4,6,11",24,Black/African American,Female,Very well,PASSED,495,BY,Black/African American,<=35
148,QID795,138,"It's a hoot watching The Rock chomp on jumbo ants, pull an arrow out of his back, and leap unscathed through raging fire!",positive,no sentiment,3,hoot,3.0,24,Black/African American,Female,Very well,PASSED,496,BY,Black/African American,<=35
149,QID797,139,"While Tattoo borrows heavily from both Seven and The Silence of the Lambs, it manages to maintain both a level of sophisticated intrigue and human-scale characters that suck the audience in.",positive,positive,1,"manages,maintain,sophisticated,intrigue,human-scale,audience","15,17,22,23,25,30",24,Black/African American,Female,Very well,PASSED,497,BY,Black/African American,<=35
150,QID799,140,"As written by Michael Berg and Michael J. Wilson from a story by Wilson, this relentless, all-wise-guys-all-the-time approach tries way too hard and gets tiring in no time at all.",negative,positive,1,"relentless,,all-wise-guys-all-the-time,tries","16,17,19",27,African,Female,Very well,PASSED,499,BY,Black/African American,<=35
151,QID801,141,"It's the best film of the year so far, the benchmark against which all other Best Picture contenders should be measured.",positive,positive,1,"best,film,benchmark","3,4,11",27,African,Female,Very well,PASSED,500,BY,Black/African American,<=35
152,QID803,142,This is one of the biggest disappointments of the year.,negative,no sentiment,3,"This,of,the,year.","1,8,9,10",27,African,Female,Very well,PASSED,501,BY,Black/African American,<=35
153,QID805,143,It never fails to engage us.,positive,positive,1,"never,fails","2,3",27,African,Female,Very well,PASSED,502,BY,Black/African American,<=35
154,QID807,144,The movie slides downhill as soon as macho action conventions assert themselves.,negative,no sentiment,3,"movie,assert,themselves.","2,11,12",27,African,Female,Very well,PASSED,504,BY,Black/African American,<=35
155,QID809,145,"More romantic, more emotional and ultimately more satisfying than the teary-eyed original.",positive,negative,2,"than,teary-eyed,original.","9,11,12",27,African,Female,Very well,PASSED,505,BY,Black/African American,<=35
156,QID811,146,"Like the best of Godard's movies... it is visually ravishing, penetrating, impenetrable.",positive,positive,1,"visually,ravishing,,impenetrable.","9,10,12",27,African,Female,Very well,PASSED,506,BY,Black/African American,<=35
157,QID813,147,The cumulative effect of the movie is repulsive and depressing.,negative,negative,2,"repulsive,depressing.","8,10",27,African,Female,Very well,PASSED,507,BY,Black/African American,<=35
158,QID815,148,"A very long movie, dull in stretches, with entirely too much focus on meal preparation and igloo construction.",negative,negative,2,"long,movie,,dull","3,4,5",27,African,Female,Very well,PASSED,509,BY,Black/African American,<=35
159,QID817,149,"In XXX, Diesel is that rare creature -- an action hero with table manners, and one who proves that elegance is more than tattoo deep.",positive,no sentiment,3,"rare,creature","6,7",27,African,Female,Very well,PASSED,510,BY,Black/African American,<=35
160,QID819,150,I'm not sure which will take longer to heal: the welt on Johnny Knoxville's stomach from a riot-control projectile or my own tortured psyche.,negative,negative,2,tortured,23,30,African,Male,Very well,PASSED,511,BY,Black/African American,<=35
161,QID819,150,I'm not sure which will take longer to heal: the welt on Johnny Knoxville's stomach from a riot-control projectile or my own tortured psyche.,negative,no sentiment,3,"not,sure,which,will,take,longer,to,heal:","2,3,4,5,6,7,8,9",34,Black/African American,Male,Very well,PASSED,511,BY,Black/African American,<=35
162,QID821,151,"It's difficult to conceive of anyone who has reached puberty actually finding the characters in Slackers or their antics amusing, let alone funny.",negative,negative,2,difficult,2,30,African,Male,Very well,PASSED,513,BY,Black/African American,<=35
163,QID821,151,"It's difficult to conceive of anyone who has reached puberty actually finding the characters in Slackers or their antics amusing, let alone funny.",negative,negative,2,"their,antics,amusing,,let,alone,funny.","18,19,20,21,22,23",34,Black/African American,Male,Very well,PASSED,513,BY,Black/African American,<=35
164,QID823,152,"Not only is Undercover Brother as funny, if not more so, than both Austin Powers films, but it's also one of the smarter, savvier spoofs to come along in some time.",positive,positive,1,"Not,only,funny,,if,not,more,but,it's,also,one,of,the,smarter,","1,2,7,8,9,10,17,18,19,20,21,22,23",34,Black/African American,Male,Very well,PASSED,515,BY,Black/African American,<=35
165,QID823,152,"Not only is Undercover Brother as funny, if not more so, than both Austin Powers films, but it's also one of the smarter, savvier spoofs to come along in some time.",positive,positive,1,"funny,,smarter,","7,23",30,African,Male,Very well,PASSED,515,BY,Black/African American,<=35
166,QID825,153,It should be mentioned that the set design and interiors of the haunted vessel are more than effectively creepy and moodily lit.,positive,positive,1,"effectively,creepy,moodily,lit.","18,19,21,22",30,African,Male,Very well,PASSED,516,BY,Black/African American,<=35
167,QID825,153,It should be mentioned that the set design and interiors of the haunted vessel are more than effectively creepy and moodily lit.,positive,negative,2,"effectively,creepy,and,moodily,lit.","18,19,20,21,22",34,Black/African American,Male,Very well,PASSED,516,BY,Black/African American,<=35
168,QID827,154,"With the exception of some fleetingly amusing improvisations by Cedric the Entertainer as Perry's boss, there isn't a redeeming moment here.",negative,negative,2,"fleetingly,there,isn't,a,redeeming,moment,here.","6,16,17,18,19,20,21",34,Black/African American,Male,Very well,PASSED,517,BY,Black/African American,<=35
169,QID827,154,"With the exception of some fleetingly amusing improvisations by Cedric the Entertainer as Perry's boss, there isn't a redeeming moment here.",negative,negative,2,"there,isn't,a,redeeming,moment","16,17,18,19,20",30,African,Male,Very well,PASSED,517,BY,Black/African American,<=35
170,QID829,155,It's a funny little movie with clever dialogue and likeable characters.,positive,positive,1,"likeable,characters.","10,11",30,African,Male,Very well,PASSED,518,BY,Black/African American,<=35
171,QID829,155,It's a funny little movie with clever dialogue and likeable characters.,positive,positive,1,"funny,little,movie,with,clever,dialogue,likeable,characters.","3,4,5,6,7,8,10,11",34,Black/African American,Male,Very well,PASSED,518,BY,Black/African American,<=35
172,QID831,156,"Not the kind of film that will appeal to a mainstream American audience, but there is a certain charm about the film that makes it a suitable entry into the fest circuit.",positive,positive,1,"a,certain,charm,about,suitable,entry,into,the,fest,circuit.","17,18,19,20,27,28,29,30,31,32",34,Black/African American,Male,Very well,PASSED,520,BY,Black/African American,<=35
173,QID831,156,"Not the kind of film that will appeal to a mainstream American audience, but there is a certain charm about the film that makes it a suitable entry into the fest circuit.",positive,positive,1,"certain,charm,suitable,entry","18,19,27,28",30,African,Male,Very well,PASSED,520,BY,Black/African American,<=35
174,QID833,157,The movie is virtually without context -- journalistic or historical.,negative,negative,2,"is,virtually,without,context,--","3,4,5,6,7",34,Black/African American,Male,Very well,PASSED,522,BY,Black/African American,<=35
175,QID833,157,The movie is virtually without context -- journalistic or historical.,negative,negative,2,"virtually,without,context","4,5,6",30,African,Male,Very well,PASSED,522,BY,Black/African American,<=35
176,QID835,158,"After sitting through this sloppy, made-for-movie comedy special, it makes me wonder if Lawrence hates criticism so much that he refuses to evaluate his own work.",negative,negative,2,"this,sloppy,,makes,me,wonder","4,5,10,11,12",34,Black/African American,Male,Very well,PASSED,523,BY,Black/African American,<=35
177,QID835,158,"After sitting through this sloppy, made-for-movie comedy special, it makes me wonder if Lawrence hates criticism so much that he refuses to evaluate his own work.",negative,negative,2,"sloppy,,made-for-movie,comedy,Lawrence,hates,criticism,refuses,to,evaluate","5,6,7,14,15,16,21,22,23",30,African,Male,Very well,PASSED,523,BY,Black/African American,<=35
178,QID837,159,Genuinely touching because it's realistic about all kinds of love.,positive,positive,1,"Genuinely,touching","1,2",30,African,Male,Very well,PASSED,524,BY,Black/African American,<=35
179,QID837,159,Genuinely touching because it's realistic about all kinds of love.,positive,no sentiment,3,"Genuinely,touching,because,it's,realistic","1,2,3,4,5",34,Black/African American,Male,Very well,PASSED,524,BY,Black/African American,<=35
180,QID839,160,"Armed with a game supporting cast, from the pitch-perfect Forster to the always hilarious Meara and Levy, Like Mike shoots and scores, doing its namesake proud.",positive,positive,1,proud.,26,22,African,Female,Very well,PASSED,526,BY,Black/African American,<=35
181,QID841,161,It will guarantee to have you leaving the theater with a smile on your face.,positive,positive,1,"guarantee,smile","3,12",22,African,Female,Very well,PASSED,527,BY,Black/African American,<=35
182,QID843,162,"The misery of these people becomes just another voyeuristic spectacle, to be consumed and forgotten.",negative,negative,2,"misery,forgotten.","2,15",22,African,Female,Very well,PASSED,528,BY,Black/African American,<=35
183,QID845,163,"A thoroughly awful movie -- dumb, narratively chaotic, visually sloppy... a weird amalgam of `The Thing' and a geriatric `Scream.'",negative,negative,2,"awful,dumb,,chaotic,,sloppy...,weird","3,6,8,10,12",22,African,Female,Very well,PASSED,529,BY,Black/African American,<=35
184,QID847,164,"Measured against practically any like-themed film other than its Oscar-sweeping franchise predecessor The Silence of the Lambs, Red Dragon rates as an exceptional thriller.",positive,positive,1,exceptional,23,22,African,Female,Very well,PASSED,531,BY,Black/African American,<=35
185,QID849,165,"After seeing the film, I can tell you that there's no other reason why anyone should bother remembering it.",negative,negative,2,bother,17.0,22,African,Female,Very well,PASSED,534,BY,Black/African American,<=35
186,QID851,166,The film is darkly funny in its observation of just how much more grueling and time-consuming the illusion of work is than actual work.,positive,no sentiment,3,"time-consuming,actual,work.","16,23,24",22,African,Female,Very well,PASSED,535,BY,Black/African American,<=35
187,QID853,167,"Pacino and Williams seem to keep upping the ante on each other, just as their characters do in the film.",positive,no sentiment,3,"Pacino,Williams","1,3",22,African,Female,Very well,PASSED,537,BY,Black/African American,<=35
188,QID855,168,Narc is a no-bull throwback to 1970s action films.,positive,no sentiment,3,throwback,5.0,22,African,Female,Very well,PASSED,541,BY,Black/African American,<=35
189,QID857,169,Intriguing and downright intoxicating.,positive,positive,1,"Intriguing,intoxicating.","1,4",22,African,Female,Very well,PASSED,542,BY,Black/African American,<=35
190,QID859,170,Perhaps the most annoying thing about Who Is Cletis Tout? is that it's a crime movie made by someone who obviously knows nothing about crime.,negative,negative,2,"most,annoying,made,by,someone,who,obviously,knows,nothing,about,crime.","3,4,17,18,19,20,21,22,23,24,25",30,African,Male,Very well,PASSED,544,BY,Black/African American,<=35
191,QID861,171,"In addition to scoring high for originality of plot -- putting together familiar themes of family, forgiveness and love in a new way -- Lilo & Stitch has a number of other assets to commend it to movie audiences both innocent and jaded.",positive,positive,1,"scoring,high,for,originality,in,a,new,way,assets,to,commend,it,to,movie,audiences","4,5,6,7,20,21,22,23,33,34,35,36,37,38,39",30,African,Male,Very well,PASSED,545,BY,Black/African American,<=35
192,QID863,172,The quirky drama touches the heart and the funnybone thanks to the energetic and always surprising performance by Rachel Griffiths.,positive,positive,1,"touches,the,heart,and,the,funnybone,thanks,energetic,and,always,surprising,performance","4,5,6,7,8,9,10,13,14,15,16,17",30,African,Male,Very well,PASSED,546,BY,Black/African American,<=35
193,QID865,173,"At its worst, it implodes in a series of very bad special effects.",negative,negative,2,"At,its,worst,,implodes,series,of,very,bad,effects.","1,2,3,5,8,9,10,11,13",30,African,Male,Very well,PASSED,547,BY,Black/African American,<=35
194,QID867,174,Bad and baffling from the get-go.,negative,negative,2,"Bad,baffling,get-go.","1,3,6",30,African,Male,Very well,PASSED,548,BY,Black/African American,<=35
195,QID869,175,"The movie is a blast of educational energy, as bouncy animation and catchy songs escort you through the entire 85 minutes.",positive,positive,1,"blast,of,energy,,catchy,songs,escort,you","5,6,8,13,14,15,16",30,African,Male,Very well,PASSED,549,BY,Black/African American,<=35
196,QID871,176,The original wasn't a good movie but this remake makes it look like a masterpiece!,negative,negative,2,"original,wasn't,good,remake,makes,it,look,like,a,masterpiece!","2,3,5,9,10,11,12,13,14,15",30,African,Male,Very well,PASSED,550,BY,Black/African American,<=35
197,QID873,177,"Although the sequel has all the outward elements of the original, the first film's lovely flakiness is gone, replaced by the forced funniness found in the dullest kiddie flicks.",negative,negative,2,"lovely,flakiness,gone,,forced,funniness,found,dullest","15,16,18,22,23,24,27",30,African,Male,Very well,PASSED,552,BY,Black/African American,<=35
198,QID875,178,"... a cute and sometimes side-splittingly funny blend of Legally Blonde and Drop Dead Gorgeous, starring Piper Perabo in what could be her breakthrough role.",positive,positive,1,"cute,funny,blend,Drop,Dead,Gorgeous,,breakthrough,role.","3,7,8,13,14,15,24,25",30,African,Male,Very well,PASSED,554,BY,Black/African American,<=35
199,QID877,179,"This method almost never fails him, and it works superbly here.",positive,positive,1,"never,fails,works,superbly","4,5,9,10",30,African,Male,Very well,PASSED,555,BY,Black/African American,<=35
200,QID879,180,Few films capture so perfectly the hopes and dreams of little boys on baseball fields as well as the grown men who sit in the stands.,positive,positive,1,"capture,perfectly,hopes,dreams,little,boys,as,well,as,the,grown,men","3,5,7,9,11,12,16,17,18,19,20,21",32,African,Female,Very well,PASSED,556,BY,Black/African American,<=35
201,QID881,181,The most compelling performance of the year adds substantial depth to this shocking testament to anti-Semitism and neo-fascism.,positive,negative,2,"shocking,anti-Semitism,neo-fascism.","13,16,18",32,African,Female,Very well,PASSED,559,BY,Black/African American,<=35
202,QID883,182,"A work of extraordinary journalism, but it is also a work of deft and subtle poetry.",positive,positive,1,"work,extraordinary,journalism,","2,4,5",32,African,Female,Very well,PASSED,562,BY,Black/African American,<=35
203,QID885,183,"The movie is as far as you can get from racy, to the point where it almost stops the blood flow to your brain; it has a dull, costumey feel.",negative,negative,2,"stops,blood,brain;,dull,,costumey","18,20,24,28,29",32,African,Female,Very well,PASSED,565,BY,Black/African American,<=35
204,QID887,184,The Pianist is Polanski's best film.,positive,positive,1,"Pianist,Polanski's,best,film.","2,4,5,6",32,African,Female,Very well,PASSED,566,BY,Black/African American,<=35
205,QID889,185,"The director, with his fake backdrops and stately pacing, never settles on a consistent tone.",negative,negative,2,"director,,fake,backdrops,stately,pacing,,never,settles,consistent,tone.","2,5,6,8,9,10,11,14,15",32,African,Female,Very well,PASSED,568,BY,Black/African American,<=35
206,QID891,186,"Why he was given free reign over this project -- he wrote, directed, starred and produced -- is beyond me.",negative,negative,2,"Why,given,free,reign,he,wrote,,directed,,starred,produced,is,beyond,me.","1,4,5,6,11,12,13,14,16,18,19,20",32,African,Female,Very well,PASSED,569,BY,Black/African American,<=35
207,QID893,187,"If you enjoy being rewarded by a script that assumes you aren't very bright, then Blood Work is for you.",negative,negative,2,"enjoy,being,rewarded,script,assumes,you,aren't,very,bright,,Blood,Work,is,for,you.","3,4,5,8,10,11,12,13,14,16,17,18,19,20",32,African,Female,Very well,PASSED,570,BY,Black/African American,<=35
208,QID895,188,"Like Rudy Yellow Lodge, Eyre needs to take a good sweat to clarify his cinematic vision before his next creation and remember the lessons of the trickster spider.",negative,negative,2,"Like,Rudy,Yellow,Lodge,,Eyre,needs,take,good,sweat,clarify,cinematic,vision,before,next,creation,remember,lessons,trickster,spider.","1,2,3,4,5,6,8,10,11,13,15,16,17,19,20,22,24,27,28",32,African,Female,Very well,PASSED,571,BY,Black/African American,<=35
209,QID897,189,"A lot of talent is wasted in this crass, low-wattage endeavor.",negative,negative,2,"lot,talent,wasted,crass,,low-wattage,endeavor.","2,4,6,9,10,11",32,African,Female,Very well,PASSED,574,BY,Black/African American,<=35
210,QID899,190,The second coming of Harry Potter is a film far superior to its predecessor.,positive,positive,1,superior,11.0,23,African,Female,Very well,PASSED,576,BY,Black/African American,<=35
211,QID901,191,This stuck pig of a movie flails limply between bizarre comedy and pallid horror.,negative,negative,2,pig,3.0,23,African,Female,Very well,PASSED,577,BY,Black/African American,<=35
212,QID903,192,"The film just might turn on many people to opera, in general, an art form at once visceral and spiritual, wonderfully vulgar and sublimely lofty -- and as emotionally grand as life.",positive,no sentiment,3,film,2.0,23,African,Female,Very well,PASSED,578,BY,Black/African American,<=35
213,QID905,193,"The delicious trimmings... arrive early and stay late, filling nearly every minute... with a lighthearted glow, some impudent snickers, and a glorious dose of humankind's liberating ability to triumph over a Scrooge or two.",positive,positive,1,triumph,29.0,23,African,Female,Very well,PASSED,579,BY,Black/African American,<=35
214,QID907,194,"Hard, endearing, caring, warm.",positive,positive,1,"caring,",3.0,23,African,Female,Very well,PASSED,583,BY,Black/African American,<=35
215,QID909,195,The way Coppola professes his love for movies -- both colorful pop junk and the classics that unequivocally qualify as art -- is giddily entertaining.,positive,negative,2,unequivocally,18.0,23,African,Female,Very well,PASSED,585,BY,Black/African American,<=35
216,QID911,196,It's never a good sign when a film's star spends the entirety of the film in a coma.,negative,no sentiment,3,entirety,12.0,23,African,Female,Very well,PASSED,587,BY,Black/African American,<=35
217,QID913,197,"A breathtaking adventure for all ages, Spirit tells its poignant and uplifting story in a stunning fusion of music and images.",positive,positive,1,breathtaking,2.0,23,African,Female,Very well,PASSED,592,BY,Black/African American,<=35
218,QID915,198,A movie so bad that it quickly enters the pantheon of wreckage that includes Battlefield Earth and Showgirls.,negative,negative,2,bad,4.0,23,African,Female,Very well,PASSED,595,BY,Black/African American,<=35
219,QID917,199,"If you're over 25, have an IQ over 90, and have a driver's license, you should be able to find better entertainment.",negative,positive,1,entertainment.,22.0,23,African,Female,Very well,PASSED,596,BY,Black/African American,<=35
220,QID919,200,It's the funniest American comedy since Graffiti Bridge.,positive,positive,1,funniest,3.0,34,Black/African American,Female,Very well,PASSED,599,BY,Black/African American,<=35
221,QID921,201,A strangely compelling and brilliantly acted psychological drama.,positive,positive,1,brilliantly,5.0,34,Black/African American,Female,Very well,PASSED,601,BY,Black/African American,<=35
222,QID923,202,"Often gruelling and heartbreaking to witness, but Seldahl and Wollter's sterling performances raise this far above the level of the usual maudlin disease movie.",positive,positive,1,"sterling,performances","11,12",34,Black/African American,Female,Very well,PASSED,602,BY,Black/African American,<=35
223,QID925,203,"This enthralling documentary... is at once playful and haunting, an in-depth portrait of an iconoclastic artist who was fundamentally unknowable even to his closest friends.",positive,no sentiment,3,in-depth,11.0,34,Black/African American,Female,Very well,PASSED,603,BY,Black/African American,<=35
224,QID927,204,"I didn't laugh at the ongoing efforts of Cube, and his skinny buddy Mike Epps, to make like Laurel and Hardy'n the hood.",negative,negative,2,"didn't,laugh","2,3",34,Black/African American,Female,Very well,PASSED,604,BY,Black/African American,<=35
225,QID929,205,Ford deserves to be remembered at Oscar time for crafting this wonderful portrait of a conflicted soldier.,positive,positive,1,"wonderful,portrait","12,13",34,Black/African American,Female,Very well,PASSED,606,BY,Black/African American,<=35
226,QID931,206,"A dim-witted and lazy spin-off of the Animal Planet documentary series, Crocodile Hunter is entertainment opportunism at its most glaring.",negative,negative,2,"dim-witted,lazy,spin-off,opportunism","2,4,5,16",34,Black/African American,Female,Very well,PASSED,610,BY,Black/African American,<=35
227,QID933,207,"Methodical, measured, and gently tedious in its comedy, Secret Ballot is a purposefully reductive movie -- which may be why it's so successful at lodging itself in the brain.",positive,positive,1,"gently,tedious,reductive,successful","4,5,14,23",34,Black/African American,Female,Very well,PASSED,612,BY,Black/African American,<=35
228,QID935,208,One of the most exciting action films to come out of China in recent years.,positive,no sentiment,3,"One,the,most","1,3,4",34,Black/African American,Female,Very well,PASSED,613,BY,Black/African American,<=35
229,QID937,209,Adam Sandler's Eight Crazy Nights grows on you -- like a rash.,negative,positive,1,"grows,on,you","6,7,8",34,Black/African American,Female,Very well,PASSED,614,BY,Black/African American,<=35
230,QID939,210,"The film feels formulaic, its plot and pacing typical Hollywood war-movie stuff, while the performances elicit more of a sense of deja vu than awe.",negative,negative,2,"formulaic,,typical,than","4,9,24",26,African,Female,Very well,PASSED,615,BY,Black/African American,<=35
231,QID941,211,"... pitiful, slapdash disaster.",negative,negative,2,"pitiful,,disaster.","2,4",26,African,Female,Very well,PASSED,616,BY,Black/African American,<=35
232,QID943,212,It's neither as romantic nor as thrilling as it should be.,negative,no sentiment,3,"neither,nor","2,5",26,African,Female,Very well,PASSED,618,BY,Black/African American,<=35
233,QID945,213,Returning director Rob Minkoff... and screenwriter Bruce Joel Rubin... have done a fine job of updating White's dry wit to a new age.,positive,positive,1,"fine,job,updating,new,age.","13,14,16,22,23",26,African,Female,Very well,PASSED,619,BY,Black/African American,<=35
234,QID947,214,An awful movie that will only satisfy the most emotionally malleable of filmgoers.,negative,negative,2,"awful,malleable","2,11",26,African,Female,Very well,PASSED,622,BY,Black/African American,<=35
235,QID949,215,"This is an extraordinary film, not least because it is Japanese and yet feels universal.",positive,positive,1,"extraordinary,feels,universal.","4,14,15",26,African,Female,Very well,PASSED,623,BY,Black/African American,<=35
236,QID951,216,Griffiths proves she's that rare luminary who continually raises the standard of her profession.,positive,positive,1,"proves,luminary,continually,raises,standard,profession.","2,6,8,9,11,14",26,African,Female,Very well,PASSED,626,BY,Black/African American,<=35
237,QID953,217,"The asylum material is gripping, as are the scenes of Jia with his family.",positive,positive,1,"gripping,",5.0,26,African,Female,Very well,PASSED,627,BY,Black/African American,<=35
238,QID955,218,"... by the time it's done with us, Mira Nair's new movie has its audience giddy with the delight of discovery, of having been immersed in a foreign culture only to find that human nature is pretty much the same all over.",positive,no sentiment,3,"only,same","30,40",26,African,Female,Very well,PASSED,628,BY,Black/African American,<=35
239,QID957,219,... about as exciting to watch as two last-place basketball teams playing one another on the final day of the season.,negative,negative,2,last-place,9.0,26,African,Female,Very well,PASSED,629,BY,Black/African American,<=35
240,QID959,220,"So young, so smart, such talent, such a wise ***.",positive,positive,1,"smart,,talent,,wise","4,6,9",27,African,Female,Very well,PASSED,636,BY,Black/African American,<=35
241,QID961,221,"The problem is that for the most part, the film is deadly dull.",negative,negative,2,"deadly,dull.","12,13",27,African,Female,Very well,PASSED,637,BY,Black/African American,<=35
242,QID963,222,An exhilarating experience.,positive,positive,1,exhilarating,2.0,27,African,Female,Very well,PASSED,639,BY,Black/African American,<=35
243,QID965,223,Remarkably accessible and affecting.,positive,positive,1,"Remarkably,affecting.","1,4",27,African,Female,Very well,PASSED,641,BY,Black/African American,<=35
244,QID967,224,Distinctly sub-par... more likely to drown a viewer in boredom than to send any shivers down his spine.,negative,negative,2,"sub-par...,drown,boredom","2,6,10",27,African,Female,Very well,PASSED,643,BY,Black/African American,<=35
245,QID969,225,Godard's ode to tackling life's wonderment is a rambling and incoherent manifesto about the vagueness of topical excess... In Praise of Love remains a ponderous and pretentious endeavor that's unfocused and tediously exasperating.,negative,negative,2,"rambling,incoherent,ponderous,pretentious,unfocused,tediously,exasperating.","9,11,25,27,30,32,33",27,African,Female,Very well,PASSED,644,BY,Black/African American,<=35
246,QID971,226,"We never truly come to care about the main characters and whether or not they'll wind up together, and Michele's spiritual quest is neither amusing nor dramatic enough to sustain interest.",negative,negative,2,"neither,amusing,dramatic,enough,sustain,interest.","24,25,27,28,30,31",27,African,Female,Very well,PASSED,646,BY,Black/African American,<=35
247,QID973,227,"Most haunting about ``Fence'' is its conclusion, when we hear the ultimate fate of these girls and realize, much to our dismay, that this really did happen.",positive,negative,2,"haunting,dismay,","2,22",27,African,Female,Very well,PASSED,647,BY,Black/African American,<=35
248,QID975,228,"Bogdanovich taps deep into the Hearst mystique, entertainingly reenacting a historic scandal.",positive,positive,1,entertainingly,8.0,27,African,Female,Very well,PASSED,648,BY,Black/African American,<=35
249,QID977,229,"Devos and Cassel have tremendous chemistry -- their sexual and romantic tension, while never really vocalized, is palpable.",positive,positive,1,"chemistry,romantic,palpable.","6,11,18",27,African,Female,Very well,PASSED,651,BY,Black/African American,<=35
250,QID979,230,"As a girl-meets-girl romantic comedy, Kissing Jessica Steinis quirky, charming and often hilarious.",positive,positive,1,"charming,and,often,hilarious.","10,11,12,13",25,African,Female,Very well,PASSED,652,BY,Black/African American,<=35
251,QID981,231,Gollum's `performance' is incredible!,positive,positive,1,"`performance',is,incredible!","2,3,4",25,African,Female,Very well,PASSED,653,BY,Black/African American,<=35
252,QID983,232,"... a haunting vision, with images that seem more like disturbing hallucinations.",negative,negative,2,"a,haunting,vision,","2,3,4",25,African,Female,Very well,PASSED,654,BY,Black/African American,<=35
253,QID985,233,"As a remake, it's a pale imitation.",negative,negative,2,"pale,imitation.","6,7",25,African,Female,Very well,PASSED,655,BY,Black/African American,<=35
254,QID987,234,A generic family comedy unlikely to be appreciated by anyone outside the under-10 set.,negative,no sentiment,3,generic,2.0,25,African,Female,Very well,PASSED,658,BY,Black/African American,<=35
255,QID989,235,"This odd, poetic road movie, spiked by jolts of pop music, pretty much takes place in Morton's ever-watchful gaze -- and it's a tribute to the actress, and to her inventive director, that the journey is such a mesmerizing one.",positive,positive,1,"inventive,mesmerizing","31,39",25,African,Female,Very well,PASSED,661,BY,Black/African American,<=35
256,QID991,236,"Co-writer/director Jonathan Parker's attempts to fashion a Brazil-like, hyper-real satire fall dreadfully short.",negative,negative,2,"attempts,to,fashion,a,Brazil-like,,hyper-real,satire,fall,dreadfully,short.","4,5,6,7,8,9,10,11,12,13",25,African,Female,Very well,PASSED,662,BY,Black/African American,<=35
257,QID993,237,"An amateurish, quasi-improvised acting exercise shot on ugly digital video.",negative,negative,2,"amateurish,,quasi-improvised,acting,shot,on,ugly,digital,video.","2,3,4,6,7,8,9,10",25,African,Female,Very well,PASSED,663,BY,Black/African American,<=35
258,QID995,238,"A gratingly unfunny groaner littered with zero-dimensional, unlikable characters and hackneyed, threadbare comic setups.",negative,negative,2,"unfunny,zero-dimensional,,unlikable,characters,hackneyed,,threadbare","3,7,8,9,11,12",25,African,Female,Very well,PASSED,665,BY,Black/African American,<=35
259,QID997,239,Griffin & Co. manage to be spectacularly outrageous.,positive,positive,1,"spectacularly,outrageous.","7,8",25,African,Female,Very well,PASSED,667,BY,Black/African American,<=35
260,QID999,240,"A profoundly stupid affair, populating its hackneyed and meanspirited storyline with cardboard characters and performers who value cash above credibility.",negative,negative,2,"stupid,hackneyed,meanspirited,storyline,cardboard,characters,value,cash,above,credibility.","3,7,9,10,12,13,17,18,19,20",25,African,Female,Very well,PASSED,668,BY,Black/African American,<=35
261,QID1001,241,"Warm Water Under a Red Bridge is a quirky and poignant Japanese film that explores the fascinating connections between women, water, nature, and sexuality.",positive,positive,1,Warm,1.0,27,Black/African American,Male,Very well,PASSED,669,BY,Black/African American,<=35
262,QID1003,242,It isn't that Stealing Harvard is a horrible movie -- if only it were that grand a failure!,negative,negative,2,Stealing,4.0,27,Black/African American,Male,Very well,PASSED,670,BY,Black/African American,<=35
263,QID1005,243,"But the talented cast alone will keep you watching, as will the fight scenes.",positive,positive,1,talented,3.0,27,Black/African American,Male,Very well,PASSED,674,BY,Black/African American,<=35
264,QID1007,244,It's solid and affecting and exactly as thought-provoking as it should be.,positive,positive,1,solid,2.0,27,Black/African American,Male,Very well,PASSED,675,BY,Black/African American,<=35
265,QID1009,245,"Thanks largely to Williams, all the interesting developments are processed in 60 minutes -- the rest is just an overexposed waste of film.",negative,negative,2,largely,2.0,27,Black/African American,Male,Very well,PASSED,676,BY,Black/African American,<=35
266,QID1011,246,"Cantet perfectly captures the hotel lobbies, two-lane highways, and roadside cafes that permeate Vincent's days",positive,positive,1,"perfectly,hotel","2,5",27,Black/African American,Male,Very well,PASSED,677,BY,Black/African American,<=35
267,QID1013,247,"An important movie, a reminder of the power of film to move us and to make us examine our values.",positive,positive,1,"important,movie,,reminder","2,3,5",27,Black/African American,Male,Very well,PASSED,678,BY,Black/African American,<=35
268,QID1015,248,"Too much of this well-acted but dangerously slow thriller feels like a preamble to a bigger, more complicated story, one that never materializes.",negative,negative,2,well-acted,5.0,27,Black/African American,Male,Very well,PASSED,679,BY,Black/African American,<=35
269,QID1017,249,A richly imagined and admirably mature work from a gifted director who definitely has something on his mind.,positive,negative,2,imagined,3.0,27,Black/African American,Male,Very well,PASSED,680,BY,Black/African American,<=35
270,QID1019,250,"The art direction is often exquisite, and the anthropomorphic animal characters are beautifully realized through clever makeup design, leaving one to hope that the eventual DVD release will offer subtitles and the original Italian-language soundtrack.",positive,positive,1,direction,3.0,27,Black/African American,Male,Very well,PASSED,681,BY,Black/African American,<=35
271,QID1021,251,But what's nice is that there's a casual intelligence that permeates the script.,positive,positive,1,"casual,intelligence","8,9",27,Black/African American,Male,Very well,PASSED,683,BY,Black/African American,<=35
272,QID1023,252,Wedding feels a bit anachronistic.,negative,negative,2,"feels,anachronistic.","2,5",30,African,Male,Very well,PASSED,684,BY,Black/African American,<=35
273,QID1025,253,"An action/thriller of the finest kind, evoking memories of Day of the Jackal, The French Connection, and Heat.",positive,positive,1,"the,finest,kind,","4,5,6",30,African,Male,Very well,PASSED,685,BY,Black/African American,<=35
274,QID1027,254,"This picture is murder by numbers, and as easy to be bored by as your ABC's, despite a few whopping shootouts.",negative,negative,2,"easy,to,be,bored","9,10,11,12",30,African,Male,Very well,PASSED,686,BY,Black/African American,<=35
275,QID1029,255,"Every individual will see the movie through the prism of his or her own beliefs and prejudices, but the one thing most will take away is the sense that peace is possible.",positive,no sentiment,3,"Every,individual,will,see,own,beliefs,and,prejudices,","1,2,3,4,14,15,16,17",30,African,Male,Very well,PASSED,687,BY,Black/African American,<=35
276,QID1031,256,A classy item by a legend who may have nothing left to prove but still has the chops and drive to show how its done.,positive,positive,1,"A,classy,item,by,a,legend","1,2,3,4,5,6",30,African,Male,Very well,PASSED,690,BY,Black/African American,<=35
277,QID1033,257,"Starts out mediocre, spirals downward, and thuds to the bottom of the pool with an utterly incompetent conclusion.",negative,negative,2,"mediocre,,spirals,downward,,utterly,incompetent","3,4,5,16,17",30,African,Male,Very well,PASSED,691,BY,Black/African American,<=35
278,QID1035,258,The sort of movie that gives tastelessness a bad rap.,negative,negative,2,"bad,rap.","9,10",30,African,Male,Very well,PASSED,692,BY,Black/African American,<=35
279,QID1037,259,Its engaging simplicity is driven by appealing leads.,positive,no sentiment,3,"Its,engaging,simplicity","1,2,3",30,African,Male,Very well,PASSED,693,BY,Black/African American,<=35
280,QID1039,260,"It's a head-turner -- thoughtfully written, beautifully read and, finally, deeply humanizing.",positive,positive,1,"head-turner,beautifully,deeply,humanizing.","3,7,11,12",30,African,Male,Very well,PASSED,695,BY,Black/African American,<=35
281,QID1041,261,"Bray is completely at sea; with nothing but a Savage Garden music video on his resume, he has no clue about making a movie.",negative,no sentiment,3,"is,at,with,he,has,no","2,4,6,17,18,19",30,African,Male,Very well,PASSED,696,BY,Black/African American,<=35
282,QID1043,262,Men in Black II achieves ultimate insignificance -- it's the sci-fi comedy spectacle as Whiffle-Ball epic.,negative,no sentiment,3,"it's,the,sci-fi,comedy","9,10,11,12",30,African,Male,Very well,PASSED,698,BY,Black/African American,<=35
